# Clean URL redirects for Render static hosting
# Generated: 2026-02-24T14:33:33.266Z
# NOTE: Render uses render.yaml for routing, not _redirects (that is Netlify)
# This file is kept for reference only

/menu-group-1769425098718  /menu-group-1769425098718.html  200!
/light-and-medium-shelving  /light-and-medium-shelving.html  200!
/heavy-duty-shelving  /heavy-duty-shelving.html  200!
/advanced-industrial-furniture  /advanced-industrial-furniture.html  200!
/compactus-systems  /compactus-systems.html  200!
/vehicle-shelving  /vehicle-shelving.html  200!
/plastic-storage-containers-977433  /plastic-storage-containers-977433.html  200!
/esd-containers  /esd-containers.html  200!
/supermarket-shelving  /supermarket-shelving.html  200!
/storage-mezzanines  /storage-mezzanines.html  200!
/shelving-solutions-north  /shelving-solutions-north.html  200!
/services  /services.html  200!
/privacy  /privacy.html  200!
/accessibility  /accessibility.html  200!
/terms  /terms.html  200!
/vehicle-equipment  /vehicle-equipment.html  200!
/catalog-and-pricing  /catalog-and-pricing.html  200!
/about  /about.html  200!
/contact-us  /contact-us.html  200!

# Legal pages - redirect old .html URLs to friendly URLs
/privacy.html  /privacy  301
/accessibility.html  /accessibility  301
/terms.html  /terms  301

/  /index.html  200!

# SPA fallback - serve index.html for all unmatched routes
/*  /index.html  200
